text,intent
can I contact customer service?,Contact
can you help me talking with customer assistance?,Contact
wanna chat with a person,Contact
help me check what hours I can contact customer service,Contact
I have got to speak to a damn operator,Contact
I do not know what to do to talk to an agent,Contact
need to get in touch with customer service,Contact
assistance contacting customer service,Contact
tell me what hours customer service available is,Contact
check what hours customer service available is,Contact
will you tell me what hours customer service available is?,Contact
help me contacting a person,Contact
I want to see at what time customer support available is,Contact
help me checking what hours I can contact customer service,Contact
show me what hours I can contact customer service,Contact
help me talk to an agent,Contact
I try to check what hours customer assistance available is,Contact
how do I check what hours customer service available is?,Contact
i do not know how to speak with customer service,Contact
what do I need to do to contact an agent?,Contact
"I need to speak to customer assistance, can I get some help?",Contact
what is your customer service number?,Contact
what do I have to do to speak to a fucking human agent?,Contact
help me contacting an operator,Contact
I need to contact an agent,Contact
ay are not being helpful can i speak with a live agent,Contact
what is the customer service working hours?,Contact
speak with agent,Contact
help me to check what hours customer service available is,Contact
help checking what hours customer service available is,Contact
will you transfer to me an agent?,Contact
i dont know what i have to do to contact customer support,Contact
I don't know what I have to do to contact an agent,Contact
I need assistance to contact an agent,Contact
I don't know how to talk to an agent,Contact
talk to customer service,Contact
I cannot contact an agent,Contact
need assistance talking to an operator,Contact
i try to talk with a human agent,Contact
I want assistance to talk with customer support,Contact
what time can I contact customer service?,Contact
i cant speak tto an agent,Contact
how do I check what hours I can contact customer service?,Contact
I want help contacting an agent,Contact
what do I have to do to contact customer service?,Contact
where do i check what hours customer support avialable is,Contact
can you ehlp me chatting with a live agent?,Contact
I want help to contact customer service,Contact
how can I talk to an agent?,Contact
how to check what hours I can contact customer service?,Contact
I do not know how I could contact an agent,Contact
can you help me to contact an agent?,Contact
I do not know how I can talk to an agent,Contact
i want assistance to talk to somebody,Contact
I do not know what I need to do to contact an agent,Contact
help contacting customer service,Contact
contact customer service,Contact
could I check at what time customer service available is?,Contact
where can I check what hours I can contact customer support?,Contact
I can't contact a human agent,Contact
help me to check what hours I can contact customer service,Contact
I don't know what to do to contact customer service,Contact
need assistance to chat with a live agent,Contact
I try to contact customer service,Contact
assistance to contact a person,Contact
will you show me what hours I can contact customer service?,Contact
help me to talk to an agent,Contact
I want help talking to an agent,Contact
i have got to contact customer assistance how to do it,Contact
I don't know how I could talk to an agent,Contact
is it possible to talk to an agent?,Contact
can I check what hours I can contact customer service?,Contact
I have to check at what time I can call customer support,Contact
speak to a goddamn live agent,Contact
want help to check at what time I can reach customer support,Contact
assistance to talk to an agent,Contact
i want help contacting customer assistance,Contact
i dont know what to do to contact a person,Contact
can I talk to customer support?,Contact
how to see at what time customer assistance available is?,Contact
I have got to talk to an agent,Contact
I want assistance contacting an agent,Contact
how do I contact an agent?,Contact
what do I need to do to talk with somebody?,Contact
help checking at what time customer service available is,Contact
what do I have to do to talk to an agent?,Contact
where can I check what hours I can contact customer service?,Contact
help me speaking with customer support,Contact
help to check at what time customer service available is,Contact
want help seeing what hours I can reach customer assistance,Contact
customer service,Contact
how to talk with somebody,Contact
see at what time I can reach custome assistance,Contact
i have got to contact customer support i need assistance,Contact
I do not know how to contact customer service,Contact
i need help speaking to a live agent,Contact
talking to agent,Contact
I want assistance to talk to customer service,Contact
I have got to check what hours customer service available is,Contact
how can I speak to a person?,Contact
can I check what hours customer service available is?,Contact
where do I check what hours I can contact customer service?,Contact
I try to check at what time I can contact customer service,Contact
would it be possible to contact an agent?,Contact
tell me at what time I can contact customer service,Contact
check what hours I can reach customer assistance,Contact
I do not know how to talk to someone,Contact
can I check at what time customer service available is?,Contact
need help to talk with somebody,Contact
where to check what hours I can contact customer support?,Contact
check at what time I can contact customer service,Contact
help me talk with a live agent,Contact
need assistance to speak with somebody,Contact
I try to talk with an agent,Contact
could you tell me what hours customer service available is?,Contact
help em check at what time I can reach customer support,Contact
help me to contact customer service,Contact
help me to see what hours i can reach customer service,Contact
how can i speak to customer service,Contact
I am trying to talk with customer support,Contact
need help talking to somebody,Contact
could I talk to an agent?,Contact
how could I contact customer service?,Contact
uhave a  mail address to contact customer assistance,Contact
can i see what hours i can call customer assistance,Contact
help me to talk with an assistant,Contact
help me see what hours customer support available is,Contact
how can i check at what time i can reach customer service,Contact
anyone available at customer service,Contact
I want assistance to contact customer service,Contact
I need to check what hours customer service available is,Contact
how do I see at what time customer support available is?,Contact
help chattinb with an operator,Contact
I need help to chat with someone,Contact
I do not know what to do to speak to customer service,Contact
can you tell me at what time customer service available is?,Contact
want assistance to speak with a human agent,Contact
can you help me speak with an agent?,Contact
is it possible to contact an agent?,Contact
I have got to speak to a person,Contact
help me checking at what time I can contact customer service,Contact
I want assistance totalk with a human agent,Contact
can you help me to speak with someone?,Contact
I have got to contact an agent,Contact
can you show me at what time customer service available is?,Contact
wanna speakto customer service help me,Contact
I wang assistance to get in touch with customer service,Contact
I don't know how I can contact customer service,Contact
I can't chat with an operator,Contact
how can i contact someone,Contact
i need help talking with an assistant,Contact
could you help me to contact customer service?,Contact
I have to speak with someone,Contact
I need assistance to talk to an agent,Contact
help me contact customer service,Contact
I need assistance to talk to a human agent,Contact
I don't know what I need to do to talk to an agent,Contact
I do not know how to speak with customer service,Contact
how to contact customer service?,Contact
do you have a number to contact customer service?,Contact
how do I check at what time I can contact customer service?,Contact
do you have an e-mail address to contact customer support ?,Contact
I want to check at what time customer service available is,Contact
i dont know what to do to talk to a fucking live agent,Contact
how do I talk with an aent?,Contact
I need assistance chatting with a human agent,Contact
I do not know how to get in touch with customer support,Contact
can I chat with a human agent?,Contact
I want assistance to chat with a person,Contact
"you are not being helpful, help to talk with an live agent",Contact
I have got to talk to a human agent,Contact
I do not know how I cam contact customer support,Contact
could you help me contacting customer service?,Contact
uare not helpful help me speak  to an assistant,Contact
help talking to an agent,Contact
where to see what hours I can reach customer assistance?,Contact
I am trying to contact an agent,Contact
i dont know how i can talk to bloody customer service,Contact
could you help me to talk to an agent?,Contact
I don't know what I nee to do to call customer service,Contact
I do not know how I can contact customer service,Contact
I don't know what I need to do to contact an agent,Contact
I am trying to talk with someone,Contact
I try to contact a live agent,Contact
can uhelp me speak with a live agent,Contact
I want assistance chatting with a human agent,Contact
i do not know how to call customer service,Contact
help calling customer service,Contact
I would like to talk to an agent,Contact
speak to a person,Contact
i want help to speak to customer support,Contact
help me to check at what time customer service available is,Contact
help checking at what time I can contact customer service,Contact
I want help to speak to customer service,Contact
help to see what hours I can reach customer service,Contact
I want assistance to talk to a human agent,Contact
can you help me speaking with an agent?,Contact
how do i talk to a hyman agent,Contact
I want to chat with somebody,Contact
I try to check at what time customer service available is,Contact
customer service working hours,Contact
uare not being helpful i have to contact someone,Contact
how can I talk with an assistant?,Contact
could you help me talking to an agent?,Contact
I'm trying to speak wiht an assistant,Contact
assistance to speak to a fucking agent,Contact
can you transfer to me an agent?,Contact
wanna check at what time i can call customer service,Contact
"I have got to talk with customer support, how to do it?",Contact
I need help contacting customer service,Contact
how can I check at what time customer service available is?,Contact
I don't know what I need to do to chat with a live agent,Contact
help me contacting an agent,Contact
I don't know what I need to do to contact customer service,Contact
could you show me what hours I can contact customer service?,Contact
I don't know what I have to do to speak with somebody,Contact
I am trying to see what hours customer support available is,Contact
can I see at what time I can contact customer assistance?,Contact
I do not know how to talk to an agent,Contact
I do't know what to do to talk to a human agent,Contact
help checking what hours I can contact customer service,Contact
i need help speaking with fucking customer support,Contact
I do not know what to do to talk with customer assistance,Contact
I need help to chat with an agent,Contact
can I see at what time I can reach customer assistance?,Contact
i dont know how i can chat wit a person,Contact
need assistance speaking with an operator,Contact
check what hours I can contact customer service,Contact
could you help me contact customer service?,Contact
would it be possible to contact customer service?,Contact
is it possible to chat with someone?,Contact
assistance talking to an agent,Contact
want help to see what hours I can reach customer support,Contact
what is your customer service working hours?,Contact
need to chat with a live agent,Contact
I want an agent,Contact
I need to check what hours I can contact customer service,Contact
"I do not understand you, how to speak with a human agent?",Contact
anyone available in customer service,Contact
assistance speaking with an agent,Contact
i needhelp to talk to a live agent,Contact
I need assistance contacting an agent,Contact
i do not know how i can talk  to customer service,Contact
how do I check at what time customer service available is?,Contact
i want assistance contacting customer service,Contact
i wantg assistance to call customer service,Contact
will you tell me what hours I can contact customer service?,Contact
help to check what hours I can contact customer service,Contact
uarenot being helpful i want help to speak with someone,Contact
I have to talk to an agent,Contact
what hours is customer service available?,Contact
I do not know what I have to do to call cutomer support,Contact
assistance talking to an assistant,Contact
i dont know what i need to do to speak with an operator,Contact
I want to see at what time I can reach customer service,Contact
I have to speak to a person,Contact
could I check what hours customer service available is?,Contact
how can I speak to a human agent?,Contact
i cant talk with somebody,Contact
help to check what hours customer service available is,Contact
assistance to contact customer service,Contact
chat with operator,Contact
can I check at what time I can contact customer service?,Contact
can i see at what time i can contact customer assistance,Contact
could ya transfer to me someone,Contact
how can i speak with an assistant,Contact
I want to check at what time I can contact customer service,Contact
help me contacting customer service,Contact
i need help checking what hours i can call customer service,Contact
help me check what hours I can call customer service,Contact
I do not know how I can contact an agent,Contact
uare not helpful i wanmt help to speak with a person,Contact
"you are not helpful, want assistance contactig an assistant",Contact
help checking at what time customer assistance available is,Contact
I try to contact an agent,Contact
what is the customer service number?,Contact
i need help to talk with a human agent,Contact
help me to contact someone,Contact
I do not know what to do to talk with customer service,Contact
I need to check at what time I can contact customer service,Contact
show me what hours customer service available is,Contact
will you tell me at what time customer service available is?,Contact
I want to contact customer service,Contact
customer service mail,Contact
contacting agent,Contact
I don't know how to contact an agent,Contact
I don't know how I can talk to an agent,Contact
i do not know how to talk to a live agent,Contact
how to talk to an agent?,Contact
help me check at what time I can contact customer service,Contact
i do not know how to call customer assistance,Contact
how to check at what time I can contact customer service?,Contact
how do i talk with an assistant,Contact
how to contact an agent?,Contact
help contacting an agent,Contact
what do I need to do to contact customer service?,Contact
contact agent,Contact
i have to contact somebody,Contact
I need to check at what time customer service available is,Contact
I need assistance chatting witth a person,Contact
I don't know what to do to talk to an agent,Contact
I do not know what I have to do to contact customer service,Contact
I need assistance to talk with an agent,Contact
I don't know how to contact customer support,Contact
help to contact customer service,Contact
can I talk to an agent?,Contact
want help to speak to an operator,Contact
ya have a free phone number to talk to customer assistance,Contact
how do I check what ohurs I can contact customer support?,Contact
I need assistance talking to a huma agent,Contact
I need assistance chatting with somebody,Contact
I don't know how I could contact an agent,Contact
I don't know what I have to do to contact customer service,Contact
how do I contact customer service?,Contact
where do I check what hours customer service available is?,Contact
what time is customer assistance available?,Contact
show me at what time customer service available is,Contact
I need help calling customer support,Contact
will you show me at what time customer service available is?,Contact
can you help me to talk to a live agent?,Contact
I want to check what hours customer service available is,Contact
how could I check what hours customer service available is?,Contact
I want help contacting customer service,Contact
I need an agent,Contact
assistance contacting an agent,Contact
will you show me what hours customer service available is?,Contact
check at what time customer service available is,Contact
how do I talk to an operator?,Contact
could you tell me what hours I can contact customer service?,Contact
what do i have to do to talk to someone,Contact
i need assistance to talk with a human agent,Contact
"I want to speak to customer support,I need help",Contact
could I check what hours I can contact customer service?,Contact
help me contact an agent,Contact
can you show me what hours I can contact customer service?,Contact
assistance checking what hours customer service available is,Contact
what is the customer service mail?,Contact
I'm trying to speak with customer support,Contact
I need assistance to contact customer service,Contact
what hours can I contact customer service?,Contact
where to check what hours customer service available is?,Contact
how do I check at what time I can call customer service?,Contact
I don't know what I need to do to speak to an assistant,Contact
I want assistance to talk to an agent,Contact
i do not kinow how to talk with customer support,Contact
I need help chatting with a person,Contact
where do I check at what time customer service available is?,Contact
I wan to chat with someone,Contact
is it possible to call customer service,Contact
i cant talk with an assistant,Contact
I have to check what hours customer service available is,Contact
I don't know how to talk with somebody,Contact
is it possible to talk to a live agent?,Contact
i do not understand anything usay can uirect to me somebody,Contact
want assistance talking with a person,Contact
I need to speak with someone,Contact
could I contact customer service?,Contact
can you help me to contact customer service?,Contact
help me checking what hours customer service available is,Contact
help me checking at what time customer service available is,Contact
help me to speak with someone,Contact
I try to check what hours I can contact customer service,Contact
wanna speak to customer assistance,Contact
I want help to see at what time I can reach customer service,Contact
help to talk to an agent,Contact
where to check at what time I can contact customer service?,Contact
need assistance to contact a goddamn live agent,Contact
what do I need to do to speak with someone?,Contact
need to speak with customer support how can i do it,Contact
i need help to chat with a live agent,Contact
how could I talk to an agent?,Contact
I need assistance contacting customer service,Contact
wanna check at what time i can reach customer service,Contact
I need help to contact customer service,Contact
can you help me contacting someone?,Contact
need to speak with an human agent,Contact
could you help me talk to an agent?,Contact
I have to contact a live agent,Contact
need help speaking to fucking customer assistance,Contact
could you show me what hours customer service available is?,Contact
tell me at what time customer service available is,Contact
where to see what hours I can call customer service?,Contact
I need help talking to an agent,Contact
can you tell me what hours customer service available is?,Contact
I want help to speak with a live agent,Contact
need to contact fucking customer assistance,Contact
how can I check at what time I can contact customer service?,Contact
I would like to contact an agent,Contact
talk to human agent,Contact
i need help talking to a human agent,Contact
I do not know how to contact an agent,Contact
want help speaking to customer service,Contact
can you tell me what hours I can contact customer service?,Contact
I do not know how to talk with customer assistance,Contact
what is your customer service mail?,Contact
assistance checking what hours I can reach customer service,Contact
help me check at what time customer service available is,Contact
anybody available in customer service,Contact
I do not know how to speak ot bloody customer service,Contact
I do not knwo how to get in touch with customer support,Contact
I want assistance contacting customer service,Contact
how could I contact an agent?,Contact
I do not know what I have to do to contact an agent,Contact
can ya tell me at what time i can call customer service,Contact
want help to check at what time I can call customer support,Contact
want assistance speaking with a bloody live agent,Contact
customer service e-mail,Contact
I try to ocntact an agent,Contact
"I need to call customer assistance, help me",Contact
I want assistance speaking with an operator,Contact
I do not know what to do to contact an agent,Contact
i want help contacting a human agent,Contact
i do not know how to talk with someone,Contact
I have to check at what time I can contact customer service,Contact
help me to contact an agent,Contact
I don't know what to do to contact an agent,Contact
would it be possible to talk to an agent?,Contact
what do I need to do to speak with an operator?,Contact
can you help me talking to an agent?,Contact
I need help to speak to customer support,Contact
help me contact someone,Contact
I don't know what I have to do to talk to an agent,Contact
contacting customer service,Contact
how can I check what hours I can contact customer service?,Contact
anybody available at customer service,Contact
I want assistance talking to an agent,Contact
what do i need to do to contact someone,Contact
what do i need to do to chat with a live agent,Contact
show me at what time I can contact customer service,Contact
i have to call customer assistance can i get some help,Contact
how do I speak to customer assistance?,Contact
I have to contact an agent,Contact
uare not helpful at all need help to speak with someody,Contact
could I contact an agent?,Contact
how to check what hours customer service available is?,Contact
i have got to call customer support i need assistance,Contact
need help checking at what time I can call customer support,Contact
is it possible to contact customer service?,Contact
can uhelp me to contact someone,Contact
can you show me what hours customer service available is?,Contact
i want help chatting with a live agent,Contact
where to check what hours I can contact customer service?,Contact
could you help me to contact an agent?,Contact
i do not know what i need to do to speak to customer service,Contact
want help talking with somebody,Contact
assistance to check what hours customer service available is,Contact
what do I have to do to talk to a human agent?,Contact
do you have a mail to contact customer service?,Contact
I don't know what I have to do to talk to customer asistance,Contact
how can i get in touch with customer assistance,Contact
can  i call customer assistance,Contact
help checking at whattime i can contact customer service,Contact
can you help me talk to an agent?,Contact
how to see what hours customer service available is?,Contact
i try to talk with customer support,Contact
could I check at what time I can contact customer service?,Contact
i do not understand a word ya say speak with an agent,Contact
I want help chatting with someone,Contact
can I see what hours I can call customer assistance?,Contact
can you help me contacting customer service?,Contact
can you help me contact customer service?,Contact
wanna speak to an operator,Contact
speaking with agent,Contact
help me speak to a live agent,Contact
I can't contact an agent,Contact
can you help me contacting an agent?,Contact
I want assistance to contact an agent,Contact
i dont know what i need to do to talk to an operator,Contact
I need help to contact an agent,Contact
how do I check what hours I can call customer assistance?,Contact
i dont know what to do to speak to a human agent,Contact
how do I talk to an agent?,Contact
I want help to talk to an agent,Contact
I need assistance talking to an agent,Contact
i do not know what i have to do to speak with somebody,Contact
I need help seeing at what time I can call customer service,Contact
customer service number,Contact
can you ehlp me speak with a person?,Contact
i call to file a consumer complaint against ur company,Feedback
is there an e-mail to submit a review?,Feedback
I want assistance submitting some feedback for a service,Feedback
I don't know what I need to do to lodge a consumer claim,Feedback
help filing a complaint against your business,Feedback
I want help to submit some feedback for your company,Feedback
do you have an e-mail to submit a review for your company?,Feedback
I want to file a complaint,Feedback
help to file a customer claim against ur business,Feedback
help me leave a review for a service,Feedback
is it possible to leave a review for your services?,Feedback
lodge complaint against your organization,Feedback
assistance to submit some feedback for a service,Feedback
I want help filing a complaint,Feedback
help submitting some feedback,Feedback
review for a service,Feedback
I'm not happy wiht ur work help me to lodge a complaint,Feedback
help me file a complaint,Feedback
I do not know how to file a complaint against your business,Feedback
leave review for your services,Feedback
how could I leave a review for your services?,Feedback
can you help me file a customer claim?,Feedback
I try to file a customer complaint against your business,Feedback
how do i filer a customer complaint,Feedback
I try to file a complaint against your business,Feedback
assistance leaving a review for your company,Feedback
I do not know what I have to do to file a complaint,Feedback
i call to file a complaint against ur business,Feedback
I call to leave a review for your company,Feedback
where can I leave a review?,Feedback
I need to leave a review for your company,Feedback
I need help to lodge a bloody complaint against your company,Feedback
assistance filing a complaint,Feedback
help me to submit some feedback for your services,Feedback
how do I file a customer complaint against your business?,Feedback
I don't know how to file a complaint,Feedback
I do not know how I could leave a review for a service,Feedback
I do not know how to leave a review for your services,Feedback
I do not know how to submit some feedback for your company,Feedback
can I submit some feedback?,Feedback
can you help me leave a review?,Feedback
help me lodging a complaint against your organization,Feedback
help to leave a review for your services,Feedback
what do i need to do to make a complaint,Feedback
how could I file a complaint?,Feedback
how to leave a review for your services?,Feedback
how can I leave a review for your services?,Feedback
could you help me to file a complaint?,Feedback
I need assistance filing a complaint,Feedback
could you help me submit some feedback for your company?,Feedback
I want assistance leaving a review for your company,Feedback
I want assistance to leave a review for your services,Feedback
help leaving a review,Feedback
I have to leave a review for your company,Feedback
how to file a consumer reclamation,Feedback
can I lodge a consumer complaint?,Feedback
how to file a complaint against your business?,Feedback
help me submit some feedback for a service,Feedback
can you help me submit some feedback for your services?,Feedback
how to file a complaint?,Feedback
I do not know how to submit some feedback,Feedback
help me leaving a review,Feedback
review,Feedback
I do not know how to leave a review,Feedback
I am trying to leave a review for your company,Feedback
help me make a claim against your company,Feedback
where do I file a complaint?,Feedback
making claim against your company,Feedback
can I make a consumer reclamation against your organization?,Feedback
can ya help me lodge a complaint against ur business,Feedback
where can I leave a review for a service?,Feedback
I want assistance submitting some feedback for your company,Feedback
I need to leave a review for your services,Feedback
can you help me leave a review for your company?,Feedback
could you help me file a complaint?,Feedback
i have got to make a reclamation against ur commpany,Feedback
I am trying to lodge a claim,Feedback
can you help me submitting some feedback for your services?,Feedback
assistance to file a complaint,Feedback
I do not know how I could leave a review,Feedback
I need to submit some feedback for a service,Feedback
where do I lodge a reclamation against your organization?,Feedback
I don't know how I can submit some feedback,Feedback
what do I need to do to file a complaint?,Feedback
i need help filing a complaint against ur company,Feedback
I do not know how I can leave a review for your services,Feedback
I want help to leave a review,Feedback
make complaint,Feedback
where to file a consumer complaint against ur business,Feedback
I want assistance to file a complaint,Feedback
review for your services,Feedback
I need help to file a customer claim against your business,Feedback
need help to make a complaint against your business,Feedback
help me submit some feedback,Feedback
I don't know how I can make a customer claim,Feedback
I don't know how I can submit some feedback for a service,Feedback
where to file a consumer claim?,Feedback
filing complaint,Feedback
I want to file a consumer complaint against your company,Feedback
where do I file a complaint against your business?,Feedback
where to lodge acustomer complaint against ur business,Feedback
how can I lodge a complaint?,Feedback
I call to leave a review for a service,Feedback
where do I leave a review for your services?,Feedback
I'm trying to make a complaint against ur organization,Feedback
I have got to submit some feedback,Feedback
I need to submit some feedback,Feedback
can you help me leaving a review for a service?,Feedback
I want assistance leaving a review,Feedback
I try to leave a review for your company,Feedback
how to leave a review?,Feedback
i dont know how to file a customer reclamation,Feedback
help submitting some feedback for a service,Feedback
can you help me leaving a review?,Feedback
I do not know what to do to leave a review for your company,Feedback
can I leave a review?,Feedback
I call to lodge a consumer reclamation against your company,Feedback
is there a section to submit a review for your company?,Feedback
I want assistance to submit some feedback for a service,Feedback
I need help making a reclamation against your company,Feedback
how do I file a complaint?,Feedback
help me to submit some feedback,Feedback
do you have a section to submit a review for your company?,Feedback
how to file a consumer claim?,Feedback
what do I need to do to leave a review for your company?,Feedback
I do not know how I could leave a review for your services,Feedback
I do not know how I can leave a review for your company,Feedback
I don't know what to do to file a complaint,Feedback
I do not know how to make a consumer complaint,Feedback
i do not know how to file a customer reclamation,Feedback
do you have a section to submit some feedback for a service?,Feedback
I am trying to file a complaint against your business,Feedback
do you have a section to submit some feedback?,Feedback
could you help me submit some feedback?,Feedback
I don't know how to submit some feedback for a service,Feedback
i try to file a complaint against ur organization,Feedback
I'm not happy with ur service file a customer reclamation,Feedback
I want assistance filing a complaint,Feedback
where to file a complaint?,Feedback
leaving review,Feedback
leave review for your company,Feedback
i try to file a consumer reclamation against ur company,Feedback
i need assistance to make a bloody customer claim,Feedback
can I file a complaint against your business?,Feedback
making customer claim against your company,Feedback
how can I leave a review for a service?,Feedback
wanna make a consumer claim against ur organization,Feedback
could you help me to file a complaint against your business?,Feedback
can you help me leave a review for a service?,Feedback
file complaint,Feedback
what do I need to do to leave a review?,Feedback
where do I submit some feedback for your company?,Feedback
I want help to file a complaint,Feedback
assistance to file a complaint against your organizxation,Feedback
I don't know how I can make a claim against your business,Feedback
I try to make a customer complaint against your company,Feedback
i call to lodge a consumer reclamation against ur business,Feedback
I am calling to submit some feedback for a service,Feedback
how to submit some feedback for your company?,Feedback
how to leave a review for a service?,Feedback
where can I submit some feedback for your services?,Feedback
I need assistance to leave a review for your services,Feedback
submitting product review,Feedback
I want to file a complaint against your business,Feedback
how to submit some feedback for your services?,Feedback
make claim against your business,Feedback
is it possible to file a complaint against your business?,Feedback
I try to leave a review,Feedback
file complaint against your business,Feedback
assistance to file a complaint against your business,Feedback
"I am not happy with your work, file a consumer rfeclamation",Feedback
how can I submit some feedback for your services?,Feedback
help to make a consumer complaint against your business,Feedback
I am trying to leave a review,Feedback
can I submit some feedback for your company?,Feedback
is there a section to submit a review for your services?,Feedback
I have to leave a review,Feedback
can you help me file a complaint against your business?,Feedback
I do not know how I can file a complaint,Feedback
do you have an e-mail to submit some feedback?,Feedback
is it possible to submit some feedback for a service?,Feedback
I want assistance to submit some feedback,Feedback
could I submit some feedback?,Feedback
can ya help me to make a consumer complaint,Feedback
can i lodge a consumer complaint against ur company,Feedback
I want assistance lodging a claim against your organization,Feedback
help to file a complaint,Feedback
help to lodge a customer complaint,Feedback
I have got to submit some feedback for your services,Feedback
is there a section to submit some feedback for your company?,Feedback
making complaint against ur company,Feedback
I am trying to file a complaint,Feedback
help me to file a complaint,Feedback
I try to submit some feedback,Feedback
help leaving a review for your services,Feedback
I do not know what I need to do to leave a review,Feedback
help making a claim against your organization,Feedback
I'm not happy with ur work i wanna lodge a customer claim,Feedback
could I file a complaint?,Feedback
assistance lodging a reclamation against your organization,Feedback
what do I have to do to leave a review for your company?,Feedback
I want assistance to leave a review,Feedback
I do not know how I can submit some feedback for a service,Feedback
can you help me to file a complaint against your business?,Feedback
I need help filing a complaint,Feedback
make consumer claim against your company,Feedback
could I leave a review for a service?,Feedback
i want assistance to file a complaint against ur company,Feedback
assistance filing a claim against ur business,Feedback
help to lodge a customer claim,Feedback
I don't know how I could file a complaint,Feedback
where can I file a complaint?,Feedback
help me to leave a review for a service,Feedback
help to file a complaint against your business,Feedback
I need assistance leaving a review for your services,Feedback
make consmuer complaint,Feedback
I would like to leave a review for a service,Feedback
I do not know what to do to file a complaint,Feedback
I don't know what I have to do to file a complaint,Feedback
I do not know how to leave a review for your company,Feedback
could you help me to leave a review for your company?,Feedback
where can I file a complaint against your business?,Feedback
make customer reclamation,Feedback
I want help to leave a review for your services,Feedback
I want help submitting some feedback for your company,Feedback
what do I have to do to file a complaint?,Feedback
I'm not happy with ur service help me make an customer claim,Feedback
I want help submitting some feedback,Feedback
is there an e-mail to submit some feedback?,Feedback
assistance leaving a review for a service,Feedback
assistance to submit some feedback for your services,Feedback
can you help me submit some feedback?,Feedback
what do i need to do to lodge a customer reclamation,Feedback
would it be possible to submit some feedback?,Feedback
how can I submit some feedback for a service?,Feedback
were to make a customer complaint against your business?,Feedback
I need to file a complaint against your business,Feedback
need help filing a claim against ur organization,Feedback
how can I file a complaint?,Feedback
I do not know what I need to do to file a complaint,Feedback
complaint against your business,Feedback
help me to submit some feedback for your company,Feedback
need help filing a consumer reclamation against ur company,Feedback
is it possible to file a complaint?,Feedback
"I am not happy with your service, I try to lodge an claim",Feedback
I have to file a complaint,Feedback
I need assistance leaving a review for a service,Feedback
I need help filing a bloody claim against your organization,Feedback
could you help me filing a complaint against your business?,Feedback
I am calling to leave a review for a service,Feedback
I try to leave a review for your services,Feedback
what do I have to do to leave a review?,Feedback
I call to leave a review,Feedback
I need assistance to submit some feedback for your company,Feedback
could you help me leave a review?,Feedback
where to make a claim,Feedback
I want to filea claim,Feedback
help me submitting some feedback for your company,Feedback
"I am not happy with your services, make a claim",Feedback
need hbelp making a reclamation against your organization,Feedback
I do not know how I could file a complaint,Feedback
I want help to submit some feedback for a service,Feedback
I need help lodging a complaint against your company,Feedback
I'm not happy with ur services i try to lodge an claim,Feedback
what do I need to do to leave a review for a service?,Feedback
what do I need to do to lodhe a reclamation?,Feedback
assistance to make a consumer complaint,Feedback
I am calling to leave a review,Feedback
help me submitting some feedback,Feedback
filing complaint against your business,Feedback
could you help me submit some feedback for a service?,Feedback
I want help filing a complaint against your business,Feedback
help me file a consumer reclamation against your company,Feedback
I don't know how I can file a complaint,Feedback
can you help me filing a complaint against your business?,Feedback
help to submit some feedback for your services,Feedback
can I file a complaint?,Feedback
can you help me to lodge a lcaim against your business?,Feedback
how to make an claim against ur business,Feedback
"I am not happy with youur service, assistance filing a claim",Feedback
can you help me lodge a complaint ?,Feedback
where do i lodge a customer complaint against ur business,Feedback
I tgry to lodge a customer claim against your company,Feedback
I need assistance to file a complaint,Feedback
I would like to submit some feedback for your company,Feedback
I want assistance to make a customer relcamation,Feedback
I'm not happy with ur services help to lodge a claim,Feedback
how do I leave a review?,Feedback
i dont know how i could make a reclamation,Feedback
lodging customer claim against ur organization,Feedback
would it be possible to leave a review for a service?,Feedback
what do I have to do to submit some feedback for a service?,Feedback
I do not know how to leave a review for a service,Feedback
where do I submit some feedback for a service?,Feedback
I don't know what I have to do to leave a review,Feedback
where can I make a consumer complaint against your company?,Feedback
I want help submitting some feedback for a service,Feedback
could I leave a review for your company?,Feedback
I need to make a consumer reclamation,Feedback
help me to file a complaint against your business,Feedback
how could I submit some feedback?,Feedback
I need help to file a complaint,Feedback
where could i file a reclamation,Feedback
where can i lodge an complaint against ur business,Feedback
leaving review for your company,Feedback
I do not know what to do to leave a review for a service,Feedback
how could I leave a review for a service?,Feedback
can you help me filing a complaint?,Feedback
I try to make a complaint,Feedback
assistance submitting some feedback for your company,Feedback
i want assistance filing a bloody claim,Feedback
I am calling to lodge a claim against your organization,Feedback
how could I submit some feedback for a service?,Feedback
can you help me to leave a review for your company?,Feedback
I need help leaving a review for your services,Feedback
I need help to leave a review for your company,Feedback
i do not know what i need to do to make a complaint,Feedback
I don't know how to leave a review for your services,Feedback
I don't know what to do to leave a review for a service,Feedback
where can I make a consumer reclamaqtion?,Feedback
I call to submit some feedback for a service,Feedback
I need assistance leaving a review for your company,Feedback
I have got to file a complaint against your business,Feedback
I try to submit some feedback for a service,Feedback
help me to leave a review for your services,Feedback
I do not know what to do to leave a review,Feedback
want help to make a reclamation,Feedback
I need assistance to leave a review for your company,Feedback
I want to submit some feedback for your company,Feedback
can you help me to submit some feedback for your services?,Feedback
I want to leave a review,Feedback
i do not know what to do to make a consumer reclamation,Feedback
I do not know how I can leave a review for a service,Feedback
help making a consumer reclamation against ur business,Feedback
how do i mke a customer claim against ur business,Feedback
how to lodge a complaint against your company?,Feedback
I need assistance filing a reclamation against your company,Feedback
review for your company,Feedback
I don't know how I could leave a review for your company,Feedback
assistance to leave a review,Feedback
"I am not happy with your work, how to make a complaint ?",Feedback
is there an e-mail to submit a review for your services?,Feedback
product review,Feedback
I want assistance leaving a review for your services,Feedback
I do not know what I have to do to submit some feedback,Feedback
I want help to file a complaint against your business,Feedback
assistance lodging a consumer complaint,Feedback
how to lodge a customer claim,Feedback
I do not know how to file a complaint,Feedback
need help to make a reclamation against ur company,Feedback
leaving review for a service,Feedback
can you help me to submit some feedback for your company?,Feedback
I am calling to make a customer complaint,Feedback
how to leave a review for your company?,Feedback
where do I submit some feedback?,Feedback
hepp me to make a claim against ur organization,Feedback
filing consumer reclamation against your company,Feedback
how can I file a consumer claim against your business?,Feedback
I call to file a complaint,Feedback
I try to lodge a complaint,Feedback
I'm not happy with ur work i wanna make a reclamation,Feedback
I don't know what I need to do to leave a review,Feedback
I want assistance to file a complaint against your business,Feedback
I try to file a complaint against your company,Feedback
help me to make a customer complaint against ur organization,Feedback
help me filing a complaint against your business,Feedback
help me make a customer claim against your organization,Feedback
is it possible to file a consumer claim,Feedback
could you help me file a complaint against your business?,Feedback
need to file a customer claim against ur organization,Feedback
I do not know how to submit some feedback for a service,Feedback
where can I leave a review for your company?,Feedback
I would like to file a complaint against your business,Feedback
I would like to leave a review,Feedback
leave review for a service,Feedback
leave review,Feedback
where to lodge a customer complaint against your business?,Feedback
where do I submit some feedback for your services?,Feedback
I try to file a claim against your organization,Feedback
I want help to leave a review for your company,Feedback
where to submit some feedback?,Feedback
I don't know how I can leave a review for your company,Feedback
can you help me to submit some feedback?,Feedback
can you help me to leave a review?,Feedback
assistance filing a customer claim against your company,Feedback
I want assistance to make a consumer claim,Feedback
I need help submitting some feedback for a service,Feedback
how can I submit some feedback for your company?,Feedback
help me making a consumer clpaim against your company,Feedback
how do I file a complaint against your business?,Feedback
I'm unhappy with ur work assistance filing a bloody claim,Feedback
i want assistance to file a fucking consumer reclamation,Feedback
help filing a complaint,Feedback
complaint,Feedback
how can I file a consumer complaint?,Feedback
how do I lodge a consumer reclamation against your company?,Feedback
i want help to file a consumer complaint,Feedback
I do not know how I could submit some feedback for a service,Feedback
I would like to file a complaint,Feedback
help me leave a review for your company,Feedback
filing customer claim against ur company,Feedback
where to leave a review for a service?,Feedback
i need assistance making a fucking consumer reclamation,Feedback
where to leave a review for your company?,Feedback
I don't know what to do to leave a review,Feedback
what do I have to do to leave a review for a service?,Feedback
can you help me leaving a review for your company?,Feedback
is there a section to submit some feedback?,Feedback
I don't know what I need to do to submit some feedback,Feedback
I need help filing a reclamation against your company,Feedback
can you help me submitting some feedback?,Feedback
what do I need to do to leave a review for your services?,Feedback
where to submit some feedback for your services?,Feedback
want help lodging a customer complaint against ur company,Feedback
I need to leave a review,Feedback
I don't know how to file a complaint against your business,Feedback
is there an e-mail to submit a review for a service?,Feedback
I am trying to submit some feedback for your company,Feedback
canyou help me file a reclamation?,Feedback
could you help me leaving a review for your company?,Feedback
I need to file a complaint,Feedback
I need assistance submitting some feedback,Feedback
could you help me to leave a review?,Feedback
where do i file a fucking complaint against ur company,Feedback
need assistance to lodge a customer claim,Feedback
where could I leave a review for your services?,Feedback
is there a section to submit a review for a service?,Feedback
can I submit some feedback for a service?,Feedback
I am calling to file a complaint against your business,Feedback
how do I leave a review for your services?,Feedback
I want assistance submitting some feedback for your services,Feedback
I'm not happy with ur service make a cutomer complaint,Feedback
i do not know what to do to lodge a consumer reclamation,Feedback
could I submit some feedback for a service?,Feedback
need help lodging a reclamation against ur organization,Feedback
assistance submitting some feedback for a service,Feedback
leaving review for your services,Feedback
I need help to leave a review,Feedback
would it be possible to leave a review?,Feedback
I want help submitting some feedback for your services,Feedback
help me leaving a review for your services,Feedback
could you help me submitting some feedback for a service?,Feedback
I'm trying to lodge an reclamation,Feedback
how can I make a complaint?,Feedback
where can I submit some feedback?,Feedback
I need help to file a consumer complaint,Feedback
what do I have to do to make a consumer reclamation?,Feedback
I don't know how I can leave a review,Feedback
help to file an customer claim against your organization,Feedback
how can I file a complaint against your business?,Feedback
is there a section to submit some feedback for a service?,Feedback
assistance to submit some feedback for your company,Feedback
I call to make a customer claim,Feedback
I call to leave a review for your services,Feedback
is it possible to submit some feedback for your services?,Feedback
I have got to file a complaint,Feedback
need to file a consumer reclamation against ur business,Feedback
is it possible to leave a review for your company?,Feedback
I want assistance leaving a review for a service,Feedback
I don't know how I could leave a review,Feedback
would it be possible to file a complaint?,Feedback
I call to file a consumer complaint,Feedback
I want assistance to lodge a claim against your business,Feedback
i want assistance to file a reclamation,Feedback
how to submit some feedback?,Feedback
I'm unsatisfied with ur services help to lodge a copmlaint,Feedback
help leaving a review for your company,Feedback
where to submit some feedback for your company?,Feedback
help submitting some feedback for your company,Feedback
I would like to leave a review for your company,Feedback
do you have a section to submit a review?,Feedback
I need help to make a complaint,Feedback
I want to leave a review for a service,Feedback
help me leaving a review for a service,Feedback
help me filign a consumer claim against your company,Feedback
help me to leave a review,Feedback
could you help me leave a review for a service?,Feedback
could you help me filing a complaint?,Feedback
help me to solve payment issues,Payment
I need help reporting issues with payments,Payment
help checking your allowed payment options,Payment
I need assistance to report issues with payment,Payment
I need help to solve an issue with payment,Payment
I need help seeing your payment methods,Payment
what do I have to do to report payment issues?,Payment
help solving issues with payments,Payment
where can I report issues with payments?,Payment
where do I report an issue with payment?,Payment
is it possible to see your payment options?,Payment
show me what payment methods are available,Payment
how can I check your allowed payment methods?,Payment
can you tell me what payment methods are available?,Payment
I don't know how to check your allowed payment methods,Payment
help me to report an issue with payment,Payment
I need assistance checking what payment methods you accept,Payment
help me to check what payment methods you accept,Payment
I don't know what I have to do to report payment issues,Payment
I need assistance reporting an issue with payments,Payment
I don't know what I have to do to report issues with payment,Payment
I have got to check your allowed payment methods,Payment
I need assistance seeing the accepted payment method,Payment
assistance solving an issue with payments,Payment
i want assistance listing ur payment methods,Payment
assistance to report issues with payment,Payment
want help checking ur allowed payment methods,Payment
I do not know how I could report payment issues,Payment
I want to check what payment methods you accept,Payment
I want help to solve issues with payment,Payment
is it possible to see what payment methods are available,Payment
help me solve an issue with payment,Payment
where to check what payment methods you accept?,Payment
where can I report an issue with payments?,Payment
how do I list your payment options?,Payment
how do I check what payment methods you accept?,Payment
i do not know how to list theavailable payment options,Payment
I do not know how I could report issues with payment,Payment
could you help me to check what payment methods you accept?,Payment
assistance to check your allowed payment methods,Payment
I don't know how I could report an issue with payments,Payment
check allowed payment methods,Payment
I would like to report a payment issue,Payment
I want assistance to report an issue with payment,Payment
could you help me to solve a payment issue?,Payment
check ur damn payment methods,Payment
how can I see your payment methods?,Payment
I would like to check your allowed payment methods,Payment
I need help reporting an issue with payments,Payment
I want to check what payment methods are available,Payment
could you help me checking what payment methods you accept?,Payment
can you help me check what payment methods you accept?,Payment
help me to list your accepted payment methods,Payment
i have to see ur available payment methods how to do it,Payment
can you show me what payment methods are available?,Payment
where to report payment issues?,Payment
I try to report payment issues,Payment
can you help me reporting payment issues?,Payment
help checking your allowed payment methods,Payment
how can I check what payment methods are available?,Payment
can you tell me your payment methods?,Payment
want assistance checking the available payment methods,Payment
assistance reporting payment issues,Payment
want help seeing you allowed payment methods,Payment
I want help reporting issues with payments,Payment
help me report a payment issue,Payment
how to report an issue with payment?,Payment
I need help checking what payment methods you accept,Payment
could you help me check what payment methods are available?,Payment
assistance to solve issues with payment,Payment
I want to report an issue with payments,Payment
I want assistance to check what payment methods you accept,Payment
I do not know how to report issues with payments,Payment
need help checking the accepted payment options,Payment
is it possible to list your payment options?,Payment
help me solve payment issues,Payment
I need help checking your allowed payment methods,Payment
help solving an issue with payment,Payment
can you help me solving issues with payments?,Payment
want assistance to see what payment methods are accepted,Payment
help me solving an issue with payment,Payment
need to list ur available payment methods,Payment
tell me what payment methods you accept,Payment
how to see what payment options are allowed?,Payment
where can i list ur payment options,Payment
i do not know what to do to list ur accepted paymet options,Payment
can I pay with Google Pay?,Payment
what do I need to do to report issues with payment?,Payment
report issue with payment,Payment
I need assistance solving issues with payment,Payment
can you help me to report payment issues?,Payment
I don't know how to report an issue with payment,Payment
I have got to check what payment methods you accept,Payment
I have to report issues with payments,Payment
solve an issue with payments,Payment
i do not know how i can check the allowed payment options,Payment
can you help me to solve a payment issue?,Payment
could you help me solving issues with payments?,Payment
I need help to solve issues with payment,Payment
could you help me solving an issue with payments?,Payment
help checking what payment methods you accept,Payment
could you help me solving payment issues?,Payment
"I want to list the payment options, can I get some help?",Payment
help to solve issues with payment,Payment
I do not know how I can report an issue with payment,Payment
what do I have to do to list the fucking payment methods?,Payment
how can I check what payment methods you accept?,Payment
i need help to list the payment methods,Payment
i do not know how to list the allowed payment options,Payment
I need to check what payment options are allowed,Payment
where could I report issues with payments?,Payment
I need to check what payment methods you accept,Payment
I do not know how I can report a payment issue,Payment
want help to see what payment methods uaccept,Payment
how to check ur goddamn allowed payment options,Payment
I need help solving issues with payment,Payment
I do not know how to report a payment issue,Payment
how could I check your allowed payment methods?,Payment
need assistance to check the allowe payment methods,Payment
help me seeing what payment methods areavailable,Payment
can you tell me what payment methods you accept?,Payment
I want help to report payment issues,Payment
I want help to report issues with payment,Payment
I want assistance reporting an issue with payment,Payment
I don't know how to report a payment issue,Payment
would it be possible to check your allowed payment methods?,Payment
help to list your payment methods,Payment
can you help me report issues with payments?,Payment
I have got to report an issue with payments,Payment
checking allowed payment methods,Payment
what do i have to do to see ur accepted payment methods,Payment
will you tell me your allowed payment methods?,Payment
what do I have to do to report an issue with payment?,Payment
issues with payment,Payment
will you tell me what payment methods you accept?,Payment
assistance to see what payment methods are accepted,Payment
do you accept card?,Payment
I need assistance listing your accepted payment methods,Payment
I do no know what to do to list your payment methods,Payment
I want help solving a payment issue,Payment
help regarding payments,Payment
help me solving payment issues,Payment
can you help me to check what payment methods are available?,Payment
I want to report issues with payment,Payment
I want assistance to list the allowed payment methods,Payment
how could I report an issue with payment?,Payment
I need assistance to solve issues with payments,Payment
help reporting a payment issue,Payment
I do not know how I can report payment issues,Payment
help solving an issue with payments,Payment
how to check what payment methods you accept?,Payment
i do not know how i can check the avaqilable payment methods,Payment
help me solve a payment issue,Payment
could you help me solve issues with payments?,Payment
I have a question about my payments,Payment
I have got to see your available payment methods,Payment
what do I have to do to check your allowed payment methods?,Payment
how could I report issues with payment?,Payment
I do not know how I can report an issue with payments,Payment
I need help to report an issue with payments,Payment
need assistance seeing what payment methods are accepted,Payment
how could I report an issue with payments?,Payment
solve an issue with payment,Payment
how could I report a payment issue?,Payment
could you help me check your allowed payment methods?,Payment
what payment methods are available?,Payment
i need help checking what payment methods are accepted,Payment
I want help solving payment issues,Payment
I need to check what payment methods are available,Payment
show me the payment options,Payment
help checking your payment methods,Payment
I need help to see the available payment methods,Payment
is it possible to report issues with payment?,Payment
i have to check the pahment options,Payment
want assistance to check what payment methods are allowed,Payment
assistance to see what payment options are avaqilable,Payment
I don't know what to do to report an issue with payments,Payment
I need to report an issue with payments,Payment
"I have to see your payment methods, how to do it?",Payment
i need assistance seeing the accepted payment options,Payment
I don't know how I can check your allowed payment methods,Payment
will you show me your allowed payment methods?,Payment
how to report an issue with payments?,Payment
I have to list your allowed payment options,Payment
assistance solving an issue with payment,Payment
I need assistance to solve an issue with payments,Payment
I do not know what I need to do to see your payment methods,Payment
do you accept Google Pay?,Payment
I need assistance solving an issue with payments,Payment
I want assistance solving an issue with payments,Payment
reporting issue with payments,Payment
need assistance to see ur accepted payment options,Payment
I want help reporting payment issues,Payment
could you help me solving issues with payment?,Payment
need help listing the allowed payment metods,Payment
I need assistance to solve issues with payment,Payment
help reporting payment issues,Payment
i need help to see what payment options are available,Payment
"I want to see your allowed payment options, how can I do it?",Payment
where could I report an issue with payment?,Payment
help to report issues with payment,Payment
can you show me what payment methods you accept?,Payment
reporting payment issues,Payment
how could I check what payment methods you accept?,Payment
I want assistance solving issues with payment,Payment
I want help to solve issues with payments,Payment
how to check what payment methods are available?,Payment
want help checking ur available payment options,Payment
show me your allowed payment methods,Payment
i dont know what to do to list the available payment methods,Payment
help reporting issues with payments,Payment
help me checking what payment methods are available,Payment
I want to report issues with payments,Payment
I want assistance solving an issue with payment,Payment
I want help checking your allowed payment methods,Payment
would it be possible to report a payment issue?,Payment
I want assistance checking what payment methods you accept,Payment
what do i have to do to list urallowed payment methods,Payment
where can I check your allowed payment methods?,Payment
I want help solving an issue with payments,Payment
assistance checking your allowed payment methods,Payment
help me check what payment methods are available,Payment
I don't know what to do to report payment issues,Payment
would it be possible to report an issue with payment?,Payment
I do not know how I can list the accepted payment options,Payment
assistance to report payment issues,Payment
can you help me check what payment methods are available?,Payment
how can I report a payment issue?,Payment
I do not know how to see the payment options,Payment
I don't know how I can report issues with payments,Payment
where can I check what payment options are accepted?,Payment
what do I need to do to report payment issues?,Payment
where do I see what payment options are accepted?,Payment
could you help me check what payment methods you accept?,Payment
report issues with payment,Payment
I need assistance seeing your bloody allowed payment options,Payment
i have got to list ur available payment methods how to do it,Payment
how do i see th accepted payment methods,Payment
I want assistance to report issues with payment,Payment
I do not know how to check the allowed payment options,Payment
whee can I see your payment options?,Payment
I need assistance to report an issue with payments,Payment
I need assistance reporting a payment issue,Payment
I have to check what payment methods are available,Payment
what do I have to do to report issues with payments?,Payment
can you help me to report issues with payment?,Payment
solve issues with payments,Payment
could you help me checking your allowed payment methods?,Payment
I try to report issues with payments,Payment
i dont know what i need to do to see the payment methods,Payment
could you help me solve a payment issue?,Payment
where do I report issues with payment?,Payment
I don't know how to see your allowed payment options,Payment
could you show me your allowed payment methods?,Payment
I need assistance to report an issue with payment,Payment
assistance to check the available payment options,Payment
help with payments,Payment
can you tell me what payment options are accepted?,Payment
I do not know what to do to report a payment issue,Payment
is it possible to report issues with payments?,Payment
payment help,Payment
could you help me solve an issue with payments?,Payment
assistance to report issues with payments,Payment
I need help to check what payment methods you accept,Payment
show me what payment methods you accept,Payment
help me report an issue with payments,Payment
I don't know what I need to do to report payment issues,Payment
I need help to solve payment issues,Payment
I am trying to report an issue with payments,Payment
assistance to solve an issue with payments,Payment
I do not know what to do to report payment issues,Payment
i dont know how i can see the payment options,Payment
help me solve an issue with payments,Payment
I need help to check what payment methods are available,Payment
want help checking your available payment options,Payment
would it be possible to report issues with payment?,Payment
help to solve issues with payments,Payment
I want assisrance seeing what payment options are allowed,Payment
I want assistance reporting issues with payments,Payment
I want assistance to see what payment methods are allowed,Payment
where to see the available payment otions?,Payment
I need help solving an issue with payments,Payment
I do not know how to report payment issues,Payment
issue with payment,Payment
I want assistance reporting issues with payment,Payment
I need to report issues with payment,Payment
assistance reporting issues with payment,Payment
where can I check what payment methods are available?,Payment
assistance to solve issues with payments,Payment
I do not know how I could report an issue with payments,Payment
I have got to see what payment options are accepted,Payment
I don't know how to report payment issues,Payment
help to report a payment issue,Payment
can ya help me checking what paymnent options are accepted,Payment
how to report a payment issue?,Payment
where canI list your accepted payment options?,Payment
assistance to check what payment methods are available,Payment
ccan i check the available payment options,Payment
I want help reporting an issue with payments,Payment
could you help me to report a payment issue?,Payment
I need assistance reporting issues with payments,Payment
can you help me solving a payment issue?,Payment
check what payment options are allowed,Payment
I want assistance reporting payment issues,Payment
I want help checking what payment methods are available,Payment
can you help me to solve issues with payments?,Payment
assistance reporting a payment issue,Payment
I don't know what I need to do to report a payment issue,Payment
I do not know how I can check your allowed payment methods,Payment
help regarding payment,Payment
"I have to check what payment methods are allowed, help me",Payment
report payment issues,Payment
where do I check your allowed payment methods?,Payment
would it be possible to report an issue with payments?,Payment
could you help me to report payment issues?,Payment
I need help checking the allowed payment options,Payment
"I have got to see the allowed payment methods , help me",Payment
help me report payment issues,Payment
report issues with payments,Payment
can I check what payment methods you accept?,Payment
I want help to check what payment methods are available,Payment
is it possible to check your allowed payment methods?,Payment
could you help me to report issues with payment?,Payment
could you help me to solve an issue with payment?,Payment
i have to see the payment options,Payment
I need help solving payment issues,Payment
can you help me checking what payment methods you accept?,Payment
I want assistance to report an issue with payments,Payment
I have to report issues with payment,Payment
help me checking what payment methods you accept,Payment
how to report payment issues?,Payment
can you help me checking your allowed payment methods?,Payment
I want to report payment issues,Payment
I do not know how I could report a payment issue,Payment
assistance reporting issues with payments,Payment
can you help me solve payment issues?,Payment
help me to solve a payment issue,Payment
I want assistance to check your allowed payment methods,Payment
I want assistance listing the payment options,Payment
how can I check the allowed payment options?,Payment
tell me what payment methods are available,Payment
can you help me report issues with payment?,Payment
I need assistance to check what payment methods you accept,Payment
help reporting an issue with payment,Payment
I don't know what to do to report an issue with payment,Payment
could I check what payment methods you accept?,Payment
I don't know how I can report issues with payment,Payment
payment issues,Payment
where could I check what payment methods you accept?,Payment
what are the payment options allowed,Payment
I want help to report an issue with payments,Payment
can you help me reporting issues with payments?,Payment
how do I check your allowed payment methods?,Payment
I have to check your available payment options,Payment
how can I report issues with payments?,Payment
I am trying to check what payment methods you accept,Payment
I am trying to check your allowed payment methods,Payment
can you help me to solve an issue with payment?,Payment
is it possible to report payment issues?,Payment
could you help me reporting an issue with payment?,Payment
assistance to solve a payment issue,Payment
I try to check your allowed payment methods,Payment
how to check what payment methods are accepted?,Payment
help to report an issue with payments,Payment
I try to check what payment methods are available,Payment
i dont know how i can check the available apyment options,Payment
will you tell me what payment methods are available?,Payment
help me solve issues with payments,Payment
I do not know what I need to do to report a payment issue,Payment
I do not know how I could report an issue with payment,Payment
I want help to report issues with payments,Payment
where can I report an issue with payment?,Payment
what are the payment methods available?,Payment
I want help checking what payment methods you accept,Payment
I need help reporting an issue with payment,Payment
I don't know how I can report payment issues,Payment
I have to check your allowed payment methods,Payment
I have got to report payment issues,Payment
i do not know what to do to list ur allowed payment methods,Payment
"I want to see your allowed payment options, I need help",Payment
i dont know how to list the available payment methods,Payment
I need assistance to report payment issues,Payment
list the payment options,Payment
I need help to solve an issue with payments,Payment
can you help me check your allowed payment methods?,Payment
is it possible to check what payment methods are available?,Payment
I need to check your allowed payment methods,Payment
solve payment issues,Payment
payment issue,Payment
report payment issue,Payment
i have got to list ur payment methods can i get some help,Payment
I have to check what payment methods you accept,Payment
help to solve an issue with payments,Payment
I need assistance reporting an issue with payment,Payment
could you tell me your allowed payment methods?,Payment
can you tell me your allowed payment methods?,Payment
I do not know what to do to report an issue with payment,Payment
what do I need to do to report issues with payments?,Payment
solve a payment issue,Payment
help me check your allowed payment methods,Payment
I want assistance to solve issues with payment,Payment
wanna list ur allowed payment options how do i do it,Payment
help with payment,Payment
I want help to check your allowed payment methods,Payment
I want help reporting issues with payment,Payment
I need help checking what payment methods are available,Payment
where to report issues with payments?,Payment
assistance to check what payment methods you accept,Payment
can you help me to solve an issue with payments?,Payment
can you help me report an issue with payments?,Payment
could I check what payment methods are available?,Payment
I am trying to report an issue with payment,Payment
I do not know how to report an issue with payment,Payment
help me checking your allowed payment methods,Payment
I get an error when I try to pay,Payment
I want help solving issues with payment,Payment
I don't know how I could report a payment issue,Payment
reporting issue with payment,Payment
I need help reporting a payment issue,Payment
I need assistance checking the available payment methods,Payment
how to check your allowed payment methods?,Payment
i dont know how to check ur accepted payment methods,Payment
assistance checking what payment methods you accept,Payment
help to check what payment methods you accept,Payment
question about my payment,Payment
I want assistance solving a payment issue,Payment
what do I have to do to report an issue with payments?,Payment
where do I report a payment issue?,Payment
check what payment methods you accept,Payment
I would like to report issues with payments,Payment
is it possible to check what payment methods you accept?,Payment
could you tell me what payment methods you accept?,Payment
where can I report payment issues?,Payment
could you help me to solve payment issues?,Payment
I need help checking what payment options are accepted,Payment
I want help to solve a payment issue,Payment
I don't know what to do to report issues with payment,Payment
report an issue with payment,Payment
I want assistance solving payment issues,Payment
can I pay with amex?,Payment
I have to report an issue with payment,Payment
can you help me solving an issue with payments?,Payment
I don't know what to do to see the available payment methods,Payment
how do I check what payment methods are available?,Payment
I want assistance to report a payment issue,Payment
could you show me what payment methods you accept?,Payment
where do i see the allowed payment methods,Payment
I need assistance to check your allowed payment methods,Payment
I don't know what to do to report a payment issue,Payment
what do I need to do to report an issue with payment?,Payment
could you help me to report an issue with payments?,Payment
what payment methods do you accept?,Payment
where can I see what payment methods you accept?,Payment
is it possible to report an issue with payment?,Payment
I do not know how to check your accepted payment methods,Payment
how do I report issues with payments?,Payment
help me to check what payment methods are available,Payment
can you help me solving issues with payment?,Payment
assistance to solve payment issues,Payment
could you tell me what payment methods are available?,Payment
could you help me report an issue with payments?,Payment
assistance solving issues with payment,Payment
could you help me report a payment issue?,Payment
help me to see what payment methods are allowed,Payment
I don't know how I can check the allowed paymen options,Payment
I would like to check what payment methods are available,Payment
"I need to list the payment options, how to do it?",Payment
where do I check what payment methods you accept?,Payment
help to report payment issues,Payment
can you help me to solve payment issues?,Payment
would it be possible to report payment issues?,Payment
assistance checking what payment methods are available,Payment
will you show me what payment methods are available?,Payment
allowed payment options,Payment
I do not know what to do to list the allowed payment options,Payment
what do i need to do to check the goddamn payment methods,Payment
I am trying to check what payment methods are available,Payment
I do not know how to report issues with payment,Payment
I need assistance to get refunds of money,Refund
can you help me checking how long refunds take?,Refund
can you help me to check the status of the refund?,Refund
could you help me to check how long refunds take?,Refund
check status of refund,Refund
assistance to get refunds of money,Refund
can you help me check how long refunds usually take?,Refund
could you help me check the status of my refund?,Refund
I would like to get a refund of money,Refund
can you help me checking the status of the refund?,Refund
I try to check in what cases can I ask for my money back,Refund
I want assistance to check how long refunds take,Refund
where to get refunds of money?,Refund
can I check how long refunds usually take?,Refund
I do not know what I have to do to get a refund,Refund
help me check the status of the refund,Refund
will you show me the status of my refund?,Refund
how do I check your refund policy?,Refund
I want to check the refund status,Refund
track refund,Refund
I need to get a refund of money,Refund
I need assistance to get my money back,Refund
could you help me check the status of the refund?,Refund
I don't know how I can check the status of the refund,Refund
I do not know how to get refunds,Refund
show me your money back policy,Refund
I do not know how I can get refunds of money,Refund
where could I check if there is anything new on my refund?,Refund
anything new on my refund?,Refund
I do not know how I could check the refund status,Refund
help me getting my money back,Refund
I don't know how to get a refund of money,Refund
I do not know what I have to do to track the refund,Refund
I try to check if there is any updates on my refund,Refund
I need assistance to check the status of the refund,Refund
I want help getting a refund of money,Refund
I can't check the status of my refund,Refund
check under what circumstances can I ask for refunds,Refund
I don't know how I could check your money back policy,Refund
I have to check how long refunds take,Refund
how could I check if there is any updates on my refund?,Refund
help me checking if there is anything new on my refund,Refund
help getting a refund,Refund
how to check if there is anything new on my refund?,Refund
can you show me the status of the refund?,Refund
I would like to get refunds of money,Refund
I am trying to check the refund status,Refund
I want help getting refunds of money,Refund
I want to get refunds of money,Refund
I have to get refunds,Refund
I don't know how to get refunds,Refund
I do not know what to do to get refunds,Refund
I want help getting refunds,Refund
I try to check in what cases can I ask to be refunded,Refund
can I check if there is anything wrong with my refund?,Refund
can you help me checking your money back policy?,Refund
how could I get refunds of money?,Refund
I do not know what I need to do to check my refund status,Refund
I want assistance to check how long refunds usually take,Refund
will you show me your money back policy?,Refund
how could I get my money back?,Refund
I need help tracking the refund,Refund
any updates on my refund?,Refund
assistance checking how long refunds usually take,Refund
help me to check in what cases can I ask to be refunded,Refund
I need assistance getting a refund of money,Refund
I do not know what to do to check your money back policy,Refund
help me to get refunds of money,Refund
assistance to check your refund policy,Refund
could you show me in what cases can I ask for my money back?,Refund
show me how long refunds usually take,Refund
I have got to get a refund of money,Refund
I don't know how I could get my money back,Refund
I want help to check how long refunds take,Refund
would it be possible to get refunds?,Refund
is it possible to check my refund status?,Refund
help me checking in what cases can I ask for my money back,Refund
could you help me to get a refund?,Refund
I do not know what to do to get a refund,Refund
I don't know what I need to do to get my money back,Refund
I need help to check if there is any updates on my refund,Refund
I don't know what I need to do to get a refund,Refund
I don't know what I need to do to track the refund,Refund
I want help to get refunds,Refund
where can I get refunds of money?,Refund
I do not know how I can check your money back policy,Refund
I try to check the status of my refund,Refund
what do I need to do to check your refund policy?,Refund
could you help me to get a refund of money?,Refund
assistance tracking the refund,Refund
I want to get my money back,Refund
I don't know how I can check your refund policy,Refund
help me to get a refund,Refund
how do I get a refund of money?,Refund
can you help me getting a refund of money?,Refund
help me get my money back,Refund
your money back policy,Refund
I need help getting a refund of money,Refund
I would like to check how long refunds usually take,Refund
can you help me to check the refund status?,Refund
can you show me in what cases can I ask to be refunded?,Refund
help to get a refund,Refund
I want help getting a refund,Refund
I need assistance to check the refund status,Refund
I am trying to get refunds,Refund
I want help checking in what cases can I ask for a refund,Refund
I would like to check in what cases can I ask for a refund,Refund
I cannot check the status of my refund,Refund
I can't check if there is anything wrong with my refund,Refund
I would like to get a refund,Refund
I need assistance to check your money back policy,Refund
I do not know how I can check the status of my refund,Refund
help getting refunds of money,Refund
how can I get my money back?,Refund
would it be possible to get my money back?,Refund
I want help to check the refund status,Refund
where can I get refunds?,Refund
how to get refunds of money?,Refund
I do not know what to do to check my refund status,Refund
help me to check how long refunds take,Refund
could you help me to check my refund status?,Refund
I do not know how to track the refund,Refund
I want assistance checking how long refunds usually take,Refund
under what circumstances can I ask to be refunded?,Refund
will you show me in what cases can I ask to be refunded?,Refund
help me getting refunds,Refund
would it be possible to check how long refunds take?,Refund
are the service charges refundable?,Refund
I don't know what I need to do to check my refund status,Refund
would it be possible to get a refund?,Refund
I want assistance checking how long refunds take,Refund
where could I get my money back?,Refund
show me in what cases can I ask for refunds,Refund
will you show me the refund status?,Refund
help me to check the status of the refund,Refund
help me to get refunds,Refund
I do not know how I can get a refund of money,Refund
I demand a refund,Refund
I need help checking your money back policy,Refund
I try to check your money back policy,Refund
I do not know what I have to do to get a refund of money,Refund
refund status,Refund
I do not know how to get a refund of money,Refund
under what circumstances can I ask for refunds?,Refund
help me check how long refunds usually take,Refund
I need assistance checking my refund status,Refund
I don't know how I could check your refund policy,Refund
I can't check the refund status,Refund
help me tracking the refund,Refund
I have to check if there is anything wrong with my refund,Refund
I need help to check how long refunds usually take,Refund
help me checking how long refunds take,Refund
I want to check if there is anything wrong with my refund,Refund
assistance getting refunds of money,Refund
where do I get a refund of money?,Refund
what do I have to do to get a refund of money?,Refund
would it be possible to check the refund status?,Refund
can you help me to check your money back policy?,Refund
I have to get a refund of money,Refund
I demand a refund of money,Refund
I have to check the status of the refund,Refund
I want to check in what cases can I ask for refunds,Refund
I would like to get my money back,Refund
can you help me checking how long refunds usually take?,Refund
can you help me to get refunds?,Refund
help checking if there is anything new on my refund,Refund
I do not know how to check your money back policy,Refund
I need assistance to get a refund,Refund
are the charges of services refundable?,Refund
help to check your refund policy,Refund
I need to track the refund,Refund
how do I get refunds?,Refund
when am I going to get a refund?,Refund
I do not know what I need to do to get a refund of money,Refund
I need to check in what cases can I ask to be refunded,Refund
I don't know how I could track the refund,Refund
help me check the refund status,Refund
help getting refunds,Refund
I want assistance to check my refund status,Refund
can I check in what cases can I ask for a refund?,Refund
I try to get a refund of money,Refund
I need help checking how long refunds take,Refund
assistance to get a refund of money,Refund
I don't know what I need to do to get refunds of money,Refund
I have got to check in what cases can I ask for refunds,Refund
I want assistance to get refunds,Refund
I need help to get a refund of money,Refund
assistance to check how long refunds usually take,Refund
I need assistance to get refunds,Refund
could you help me check how long refunds take?,Refund
could you help me get a refund?,Refund
what do I have to do to check the status of the refund?,Refund
can you help me to get my money back?,Refund
I want help to check my refund status,Refund
check in what cases can I ask for a refund,Refund
I do not know what I have to do to get refunds of money,Refund
I want to get a refund of money,Refund
I want help to check the status of the refund,Refund
would it be possible to check the status of my refund?,Refund
could you help me checking your money back policy?,Refund
help to get refunds of money,Refund
how do I check if there is anything new on my refund?,Refund
I would like to check if there is any updates on my refund,Refund
I don't know how to check your money back policy,Refund
I want help checking your refund policy,Refund
where can I check if there is anything wrong with my refund?,Refund
I am trying to check in what cases can I ask for refunds,Refund
I want to track the refund,Refund
I want help to check in what cases can I ask for refunds,Refund
check if there is anything new on my refund,Refund
I would like to check my refund status,Refund
assistance checking how long refunds take,Refund
help checking how long refunds take,Refund
can you help me to get a refund of money?,Refund
can I check my refund status?,Refund
how could I track the refund?,Refund
could you help me get a refund of money?,Refund
when am I going to get a refund of money?,Refund
assistance to check how long refunds take,Refund
how to get my money back?,Refund
help me check if there is anything wrong with my refund,Refund
where to track the refund?,Refund
help to check your money back policy,Refund
how could I check the status of my refund?,Refund
when am I getting a refund?,Refund
help to get my money back,Refund
under what circumstances can I ask for my money back?,Refund
I have to check how long refunds usually take,Refund
I need help to check your money back policy,Refund
I need to check if there is any updates on my refund,Refund
could I check if there is anything new on my refund?,Refund
I would like to check the status of the refund,Refund
in what cases can I ask for a refund?,Refund
could you help me to track the refund?,Refund
could I check in what cases can I ask for my money back?,Refund
can you help me checking the refund status?,Refund
help me to get a refund of money,Refund
I need help to check in what cases can I ask for a refund,Refund
I cannot track the refund,Refund
can you help me check how long refunds take?,Refund
help checking how long refunds usually take,Refund
assistance to get my money back,Refund
what do I need to do to get refunds?,Refund
what is the status of my refund?,Refund
I do not know how I could check your money back policy,Refund
can you help me to check my refund status?,Refund
where do I check if there is anything wrong with my refund?,Refund
where can I check the status of the refund?,Refund
where could I track the refund?,Refund
I have got to get a refund,Refund
what do I need to do to get a refund?,Refund
I need help to check the status of the refund,Refund
I don't know how to check your refund policy,Refund
I am trying to check if there is any updates on my refund,Refund
when can I expect a refund,Refund
I do not know how I can check the status of the refund,Refund
help to check my refund status,Refund
I want help to check how long refunds usually take,Refund
help me check in what cases can I ask for my money back,Refund
I want a refund,Refund
I do not know how I could check the status of the refund,Refund
I have to check the status of my refund,Refund
can I check in what cases can I ask for refunds?,Refund
I want assistance checking the refund status,Refund
I have got to check my refund status,Refund
how could I check if there is anything wrong with my refund?,Refund
I need to check the refund status,Refund
I want assistance to get a refund of money,Refund
help to check in what cases can I ask for refunds,Refund
I need assistance to check your refund policy,Refund
I can't track the refund,Refund
can you help me checking your refund policy?,Refund
assistance to check if there is anything new on my refund,Refund
I want to check my refund status,Refund
I want help to check if there is any updates on my refund,Refund
help me checking your refund policy,Refund
could you show me in what cases can I ask for a refund?,Refund
help to check in what cases can I ask to be refunded,Refund
I need assistance to track the refund,Refund
could you show me my refund status?,Refund
are the charges for your services refundable?,Refund
I want assistance to get refunds of money,Refund
can I check the refund status?,Refund
help to check how long refunds usually take,Refund
check refund status,Refund
I want assistance getting a refund,Refund
I don't know what to do to check the refund status,Refund
show me the refund status,Refund
I have got to check if there is any updates on my refund,Refund
help me checking in what cases can I ask for a refund,Refund
can you show me your money back policy?,Refund
I don't know what I have to do to get refunds of money,Refund
help me getting refunds of money,Refund
how to get a refund of money?,Refund
I need to check your money back policy,Refund
I want help to check in what cases can I ask for a refund,Refund
I need assistance getting my money back,Refund
can you show me the refund status?,Refund
I want help checking the refund status,Refund
when will I get a refund of money?,Refund
how can I get refunds?,Refund
help me track the refund,Refund
I try to check your refund policy,Refund
where to get my money back?,Refund
I need assistance getting a refund,Refund
help me checking in what cases can I ask for refunds,Refund
I need to check how long refunds take,Refund
I want assistance to check your refund policy,Refund
show me how long refunds take,Refund
I am trying to check if there is anything new on my refund,Refund
how can I check your money back policy?,Refund
assistance checking the refund status,Refund
I don't know how to get a refund,Refund
how do I check the status of my refund?,Refund
your refund policy,Refund
could you help me to check how long refunds usually take?,Refund
I want help to get a refund,Refund
I don't know how I could get refunds,Refund
there is any updates on my refund?,Refund
I can't check the status of the refund,Refund
assistance getting refunds,Refund
can you help me check in what cases can I ask for refunds?,Refund
help checking under what circumstances can I ask for refunds,Refund
I have got to check in what cases can I ask for a refund,Refund
I do not know what I have to do to get refunds,Refund
help me check if there is anything new on my refund,Refund
help me check your money back policy,Refund
I don't know how to get refunds of money,Refund
can you show me in what cases can I ask for a refund?,Refund
I do not know what I need to do to check your refund policy,Refund
I don't know what I have to do to check my refund status,Refund
would it be possible to check your money back policy?,Refund
I have got to check how long refunds usually take,Refund
I don't know what I have to do to check the refund status,Refund
I want to check in what cases can I ask for a refund,Refund
will you show me the status of the refund?,Refund
I do not know what to do to check your refund policy,Refund
I do not know what I have to do to check your refund policy,Refund
I am trying to get refunds of money,Refund
am I entitled to a refund according to your policy?,Refund
assistance to track the refund,Refund
I have to check your refund policy,Refund
what do I need to do to check the refund status?,Refund
could you help me checking the refund status?,Refund
can you help me check if there is any updates on my refund?,Refund
are the charges for services refundable?,Refund
I want help to check your money back policy,Refund
how do I check my refund status?,Refund
where to get refunds?,Refund
help me checking your money back policy,Refund
I need a refund of money,Refund
help me to track the refund,Refund
I want assistance tracking the refund,Refund
in what cases can I ask for my money back?,Refund
show me under what circumstances can I ask for refunds,Refund
I am trying to get a refund of money,Refund
help getting a refund of money,Refund
can I check in what cases can I ask to be refunded?,Refund
check how long refunds take,Refund
where can I check if there is any updates on my refund?,Refund
I would like to track the refund,Refund
could you help me check your money back policy?,Refund
where do I check if there is anything new on my refund?,Refund
where is my refund?,Refund
how could I get refunds?,Refund
I do not know what to do to get refunds of money,Refund
I want help checking how long refunds usually take,Refund
help to check in what cases can I ask for a refund,Refund
where to check the status of the refund?,Refund
I don't know how I can get refunds of money,Refund
can you show me how long refunds take?,Refund
what do I have to do to track the refund?,Refund
I do not know what I need to do to track the refund,Refund
help to check the refund status,Refund
where could I get refunds of money?,Refund
where to get a refund of money?,Refund
I have got to get refunds of money,Refund
show me under what circumstances can I ask for my money back,Refund
I want help checking in what cases can I ask for refunds,Refund
what do I have to do to check my refund status?,Refund
can you help me check if there is anything new on my refund?,Refund
help to check in what cases can I ask for my money back,Refund
I want help to get my money back,Refund
help me check your refund policy,Refund
what do I need to do to track the refund?,Refund
I need help getting my money back,Refund
I don't know how to check the status of my refund,Refund
I don't know how to check my refund status,Refund
how could I check your money back policy?,Refund
assistance getting my money back,Refund
I don't know how I can check my refund status,Refund
can you help me check the status of the refund?,Refund
what do I need to do to get my money back?,Refund
help me checking the status of the refund,Refund
help me to check in what cases can I ask for a refund,Refund
could you help me to check your refund policy?,Refund
was my refund processed already?,Refund
I have got to check if there is anything new on my refund,Refund
what do I need to do to check the status of the refund?,Refund
when can I expect a refund of money,Refund
I do not know how to check your refund policy,Refund
how can I check if there is anything new on my refund?,Refund
I need to check in what cases can I ask for my money back,Refund
I do not know what to do to check the status of my refund,Refund
I cannot check if there is any updates on my refund,Refund
I don't know how I could get refunds of money,Refund
how to check the status of my refund?,Refund
I want my money back,Refund
assistance to check in what cases can I ask for refunds,Refund
could you help me to get refunds?,Refund
could you help me checking your refund policy?,Refund
can you help me get refunds of money?,Refund
assistance checking your refund policy,Refund
help checking your money back policy,Refund
can I check under what circumstances can I ask for a refund?,Refund
how to check the status of the refund?,Refund
I don't know how I can get refunds,Refund
how can I check if there is any updates on my refund?,Refund
I need help to track the refund,Refund
show me in what cases can I ask for a refund,Refund
I don't know what to do to get a refund,Refund
assistance getting a refund,Refund
help me check how long refunds take,Refund
I demand my money back,Refund
where could I check if there is any updates on my refund?,Refund
could you help me check in what cases can I ask for refunds?,Refund
where to check if there is anything new on my refund?,Refund
where do I get my money back?,Refund
check under what circumstances can I ask for a refund,Refund
help checking in what cases can I ask for refunds,Refund
I do not know how to get a refund,Refund
help me check in what cases can I ask for a refund,Refund
I do not know how I can ask for compensations,Refund
I need to get my money back,Refund
how to check my refund status?,Refund
I don't know how I can track the refund,Refund
check the status of the refund,Refund
could you help me getting refunds of money?,Refund
could I check if there is anything wrong with my refund?,Refund
I have got to get refunds,Refund
I want to check how long refunds take,Refund
show me under what circumstances can I ask to be refunded,Refund
help me check in what cases can I ask for refunds,Refund
I want to check your refund policy,Refund
check if there is anything wrong with my refund,Refund
I need help to get a refund,Refund
how could I get a refund of money?,Refund
I don't know how to track the refund,Refund
is it possible to check in what cases can I ask for refunds?,Refund
where could I check the status of the refund?,Refund
I have got to get my money back,Refund
check your money back policy,Refund
could you show me how long refunds usually take?,Refund
I want to check if there is any updates on my refund,Refund
can you help me get refunds?,Refund
I don't know how I could check the refund status,Refund
I need help checking my refund status,Refund
help receiving a rebate,Refund
I need to get refunds of money,Refund
help me checking the refund status,Refund
I need assistance getting refunds,Refund
could you show me in what cases can I ask for refunds?,Refund
where do I check your money back policy?,Refund
I want assistance getting my money back,Refund
check your refund policy,Refund
help checking my refund status,Refund
how long do refunds take?,Refund
could I check my refund status?,Refund
I don't know how I could get a refund of money,Refund
could you help me to check your money back policy?,Refund
I don't know how to get my money back,Refund
check how long refunds usually take,Refund
how to get refunds?,Refund
help me to check if there is anything wrong with my refund,Refund
I need help to check your refund policy,Refund
could you help me tracking the refund?,Refund
I do not know what I need to do to get refunds,Refund
where can I check the status of my refund?,Refund
